City_ID,City,Lat,Lng,Max Temp,Humidity,Cloudiness,Wind Speed,Country,Date
0,olafsvik,64.8945,-23.7142,-2.14,49,100,11.07,IS,1675834465
1,bauchi,10.5,10.0,16.81,27,80,2.06,NG,1675834868
2,cabo san lucas,22.8909,-109.9124,20.28,53,89,0.89,MX,1675834640
3,tingo maria,-9.2895,-76.0088,19.89,98,58,0.58,PE,1675834869
4,bredasdorp,-34.5322,20.0403,21.14,67,4,5.82,ZA,1675834869
5,busselton,-33.65,115.3333,28.89,43,0,4.55,AU,1675834870
6,sitio novo do tocantins,-5.5183,-47.4611,24.96,88,0,1.03,BR,1675834870
7,severo-kurilsk,50.6789,156.125,-4.79,73,32,5.23,RU,1675834871
8,dutse,11.7594,9.3392,16.45,26,80,3.07,NG,1675834871
9,bambous virieux,-20.3428,57.7575,29.01,74,75,6.69,MU,1675834872
10,coquimbo,-29.9533,-71.3436,17.85,88,100,1.03,CL,1675834856
11,hobart,-42.8794,147.3294,20.15,62,40,6.69,AU,1675834671
12,ushuaia,-54.8,-68.3,13.81,58,40,5.14,AR,1675834873
13,bluff,-46.6,168.3333,9.89,63,64,12.15,NZ,1675834873
14,punta arenas,-53.15,-70.9167,12.06,76,0,5.14,CL,1675834874
15,librazhd,41.1794,20.315,-3.31,64,2,3.75,AL,1675834874
16,la ronge,55.1001,-105.2842,-2.86,50,0,3.09,CA,1675834874
17,grenaa,56.4158,10.8783,2.0,95,67,6.32,DK,1675834875
18,mataura,-46.1927,168.8643,9.71,82,62,5.07,NZ,1675834875
19,youkounkoun,12.5333,-13.1333,21.82,22,39,0.72,GN,1675834876
20,polunochnoye,60.8697,60.4153,-11.06,82,100,3.04,RU,1675834876
21,sur,22.5667,59.5289,27.64,40,64,1.27,OM,1675834421
22,moranbah,-22.0016,148.0466,29.04,59,69,7.28,AU,1675834877
23,qinhuangdao,39.9317,119.5883,3.07,35,1,3.34,CN,1675834877
24,concordia,-31.393,-58.0209,23.57,36,0,2.47,AR,1675834877
25,rikitea,-23.1203,-134.9692,26.35,73,67,3.79,PF,1675834878
26,road town,18.4167,-64.6167,24.05,72,11,8.73,VG,1675834879
27,sitka,57.0531,-135.33,1.94,80,100,1.54,US,1675834829
28,villa alemana,-33.0422,-71.3733,15.85,88,100,4.12,CL,1675834880
29,kahului,20.8947,-156.47,23.8,79,40,8.75,US,1675834403
30,albany,42.6001,-73.9662,4.38,80,83,1.34,US,1675834767
31,ayan,56.45,138.1667,-25.85,69,36,2.72,RU,1675834881
32,hualmay,-11.0964,-77.6139,22.2,87,25,2.92,PE,1675834881
33,trincomalee,8.5711,81.2335,26.49,77,83,5.13,LK,1675834882
34,kodiak,57.79,-152.4072,-5.27,63,0,6.69,US,1675834882
35,jamestown,42.097,-79.2353,2.79,92,100,2.57,US,1675834883
36,barrow,71.2906,-156.7887,-19.99,77,100,3.09,US,1675834883
37,waingapu,-9.6567,120.2641,29.19,74,72,5.04,ID,1675834568
38,havre-saint-pierre,50.2334,-63.5986,-5.0,79,100,4.63,CA,1675834662
39,egvekinot,66.3167,-179.1667,-29.68,87,89,3.9,RU,1675834598
40,cherskiy,68.75,161.3,-32.48,98,100,2.55,RU,1675834884
41,puerto carreno,6.189,-67.4859,25.51,62,11,2.2,CO,1675834884
42,qaanaaq,77.484,-69.3632,-32.13,67,9,2.84,GL,1675834885
43,chuguyevka,44.1653,133.8633,-9.01,82,93,4.15,RU,1675834886
44,maningrida,-12.0667,134.2667,30.13,70,95,3.32,AU,1675834886
45,asaba,6.2006,6.7338,24.45,87,23,1.14,NG,1675834887
46,san cristobal,7.7669,-72.225,20.1,79,15,0.77,VE,1675834887
47,new norfolk,-42.7826,147.0587,19.95,42,8,1.79,AU,1675834887
48,high level,58.5169,-117.136,-6.94,79,0,1.54,CA,1675834510
49,alofi,-19.0595,-169.9187,26.94,78,100,2.57,NU,1675834888
50,port elizabeth,-33.918,25.5701,20.73,95,75,3.6,ZA,1675834888
51,hilo,19.7297,-155.09,23.49,91,100,1.54,US,1675834889
52,bethel,41.3712,-73.414,3.6,83,20,2.06,US,1675834889
53,zunyi,27.6867,106.9072,6.81,92,100,1.91,CN,1675834890
54,chuy,-33.6971,-53.4616,19.9,88,10,2.72,UY,1675834890
55,mayor pablo lagerenza,-19.9309,-60.7718,22.96,93,100,1.7,PY,1675834891
56,lorengau,-2.0226,147.2712,25.95,89,100,6.22,PG,1675834891
57,arlit,18.7369,7.3853,20.29,17,96,2.8,NE,1675834892
58,valeni,46.5928,28.0625,-5.34,85,72,5.87,RO,1675834892
59,cabedelo,-6.9811,-34.8339,23.37,78,99,4.04,BR,1675834893
60,airai,-8.9266,125.4092,20.69,82,84,1.73,TL,1675834893
61,beringovskiy,63.05,179.3167,-30.64,96,61,3.27,RU,1675834334
62,hermanus,-34.4187,19.2345,21.56,76,0,7.01,ZA,1675834894
63,paita,-5.0892,-81.1144,24.11,79,77,3.46,PE,1675834895
64,nampa,43.5407,-116.5635,7.66,71,100,3.6,US,1675834895
65,leningradskiy,69.3833,178.4167,-31.91,95,100,2.29,RU,1675834896
66,verkh-usugli,52.7,115.1667,-11.03,65,4,1.12,RU,1675834896
67,atuona,-9.8,-139.0333,26.16,75,22,8.15,PF,1675834897
68,padang,-0.9492,100.3543,30.03,60,91,2.58,ID,1675834599
69,mahebourg,-20.4081,57.7,29.03,74,75,6.69,MU,1675834897
70,narsaq,60.9167,-46.05,-18.88,67,32,4.59,GL,1675834898
71,yellowknife,62.456,-114.3525,-19.69,77,100,3.09,CA,1675834898
72,isangel,-19.55,169.2667,27.06,94,100,1.03,VU,1675834899
73,kruisfontein,-34.0033,24.7314,18.27,66,99,2.25,ZA,1675834633
74,san andres,12.5847,-81.7006,27.01,78,20,6.69,CO,1675834899
75,amahai,-3.3333,128.9167,28.78,72,98,2.44,ID,1675834899
76,mookane,-23.688,26.6595,23.75,59,81,1.51,BW,1675834900
77,lufilufi,-13.8745,-171.5986,26.88,75,57,5.83,WS,1675834900
78,vaini,-21.2,-175.2,26.09,94,75,2.57,TO,1675834901
79,norman wells,65.282,-126.8329,-26.98,76,40,1.03,CA,1675834901
80,yantal,56.8471,105.2542,-7.44,87,100,2.89,RU,1675834901
81,sobolevo,54.4299,31.8996,-15.06,99,72,1.87,RU,1675834902
82,simpang,-1.2667,104.0833,31.82,56,99,3.26,ID,1675834902
83,almaznyy,48.0448,40.045,-9.75,86,12,7.74,RU,1675834903
84,cayenne,4.9333,-52.3333,25.02,94,75,0.0,GF,1675834903
85,severodvinsk,64.5635,39.8302,1.06,93,93,3.64,RU,1675834757
86,east london,-33.0153,27.9116,20.52,94,100,6.17,ZA,1675834904
87,gurupi,-11.7292,-49.0686,21.46,94,57,1.31,BR,1675834720
88,atlantic city,39.3643,-74.4229,6.11,88,100,1.54,US,1675834754
89,cape town,-33.9258,18.4232,21.62,72,20,5.81,ZA,1675834754
90,brufut,13.3814,-16.7518,19.05,59,57,2.57,GM,1675834904
91,daru,-9.0763,143.2092,28.18,83,91,3.51,PG,1675834601
92,nabire,-3.3667,135.4833,27.24,76,100,0.95,ID,1675834347
93,xining,36.6167,101.7667,2.36,48,86,1.7,CN,1675834542
94,moose factory,51.2585,-80.6094,-18.0,78,0,3.6,CA,1675834629
95,codrington,-38.2667,141.9667,18.48,64,45,6.15,AU,1675834905
96,biltine,14.5333,20.9167,18.24,25,92,8.02,TD,1675834906
97,sao raimundo nonato,-9.0153,-42.6994,21.51,74,99,0.38,BR,1675834860
98,rudsar,37.1376,50.288,8.99,88,94,3.04,IR,1675834441
99,port alfred,-33.5906,26.891,21.21,84,100,1.79,ZA,1675834906
100,puerto ayora,-0.7393,-90.3518,25.86,92,31,2.24,EC,1675834349
101,mar del plata,-38.0023,-57.5575,22.83,97,100,8.05,AR,1675834657
102,natal,-5.795,-35.2094,22.36,83,20,2.06,BR,1675834830
103,tuktoyaktuk,69.4541,-133.0374,-30.0,76,100,2.06,CA,1675834907
104,longyearbyen,78.2186,15.6401,-4.09,74,40,6.69,SJ,1675834908
105,port-gentil,-0.7193,8.7815,24.98,94,40,2.57,GA,1675834434
106,hokitika,-42.7167,170.9667,16.68,57,27,7.2,NZ,1675834908
107,guiratinga,-16.3494,-53.7583,20.65,96,90,0.56,BR,1675834909
108,nikolskoye,59.7035,30.7861,-1.06,89,100,3.69,RU,1675834909
109,mala,-12.6581,-76.6308,22.98,86,15,2.07,PE,1675834909
110,todos santos,23.45,-110.2167,17.03,65,99,4.39,MX,1675834910
111,verkhnevilyuysk,63.4453,120.3167,-32.85,94,100,0.33,RU,1675834910
112,arraial do cabo,-22.9661,-42.0278,23.46,92,100,1.14,BR,1675834910
113,georgetown,5.4112,100.3354,31.97,51,20,4.12,MY,1675834636
114,akyab,20.15,92.9,25.59,41,1,3.78,MM,1675834911
115,ahipara,-35.1667,173.1667,20.79,69,34,3.1,NZ,1675834394
116,mumford,5.2618,-0.759,25.31,92,52,2.62,GH,1675834911
117,kolyvan,55.3053,82.7391,-18.01,92,94,2.99,RU,1675834912
118,ojinaga,29.5667,-104.4167,9.12,61,40,6.17,MX,1675834912
119,asau,46.4333,26.4,-6.49,95,99,2.59,RO,1675834912
120,khatanga,71.9667,102.5,-42.78,100,62,1.53,RU,1675834913
121,khasan,42.4308,130.6434,-0.99,42,6,7.2,RU,1675834913
122,tasiilaq,65.6145,-37.6368,-16.91,49,0,7.23,GL,1675834914
123,lompoc,34.6391,-120.4579,11.07,87,20,4.02,US,1675834914
124,khash,28.2211,61.2158,17.62,36,38,11.8,IR,1675834914
125,shangrao,28.4532,117.9686,10.01,93,100,3.75,CN,1675834915
126,butaritari,3.0707,172.7902,27.38,81,100,10.01,KI,1675834915
127,potoru,7.5072,-11.4786,22.37,89,61,1.2,SL,1675834915
128,iskateley,67.6803,53.1512,-0.07,80,78,9.99,RU,1675834916
129,luderitz,-26.6481,15.1594,19.34,76,20,7.32,NA,1675834916
130,fort nelson,58.8053,-122.7002,-12.23,85,0,1.03,CA,1675834916
131,hacari,8.3233,-73.1489,17.99,98,71,1.66,CO,1675834917
132,hithadhoo,-0.6,73.0833,27.4,74,18,3.69,MV,1675834917
133,klaksvik,62.2266,-6.589,7.36,87,100,26.36,FO,1675834358
134,manokwari,-0.8667,134.0833,26.35,85,100,3.17,ID,1675834918
135,katsuura,35.1333,140.3,9.37,76,98,7.96,JP,1675834918
136,port lincoln,-34.7333,135.8667,24.9,50,49,5.21,AU,1675834919
137,tuatapere,-46.1333,167.6833,10.31,81,69,6.52,NZ,1675834919
138,saint-philippe,-21.3585,55.7679,28.77,80,81,6.14,RE,1675834920
139,saint george,37.1041,-113.5841,7.19,55,0,3.09,US,1675834861
140,marsa matruh,31.3525,27.2453,8.11,93,75,2.57,EG,1675834920
141,sitrah,26.1547,50.6206,20.53,61,97,6.17,BH,1675834921
142,kapaa,22.0752,-159.319,24.18,87,100,7.72,US,1675834922
143,puerto escondido,15.85,-97.0667,24.5,66,1,2.18,MX,1675834922
144,ponta do sol,32.6667,-17.1,15.4,71,32,2.87,PT,1675834923
145,castro,-24.7911,-50.0119,15.55,96,37,1.81,BR,1675834923
146,kapoeta,4.7717,33.5903,29.26,26,56,0.82,SS,1675834923
147,bachaquero,9.9694,-71.1494,25.49,75,31,3.24,VE,1675834924
148,bengkulu,-3.8004,102.2655,29.86,57,82,5.17,ID,1675834924
149,suicheng,33.8963,117.9331,12.05,46,100,6.45,CN,1675834476
150,los llanos de aridane,28.6585,-17.9182,11.86,76,40,4.02,ES,1675834377
151,swinoujscie,53.9105,14.2471,-2.92,93,79,3.6,PL,1675834925
152,saskylakh,71.9167,114.0833,-32.56,99,100,1.22,RU,1675834925
153,koumac,-20.5667,164.2833,26.23,88,100,4.63,NC,1675834926
154,nanortalik,60.1432,-45.2371,-15.67,73,17,5.89,GL,1675834927
155,nizhniy kuranakh,58.8353,125.4869,-24.16,85,100,2.49,RU,1675834927
156,esperance,-33.8667,121.9,21.98,67,53,6.71,AU,1675834928
157,noumea,-22.2763,166.4572,31.11,99,99,3.68,NC,1675834892
158,la palma,33.8464,-118.0467,17.19,52,0,1.54,US,1675834928
159,rawson,-43.3002,-65.1023,18.03,56,1,2.2,AR,1675834929
160,glassboro,39.7029,-75.1118,5.36,89,100,0.45,US,1675834929
161,ribeira grande,38.5167,-28.7,13.21,65,56,4.47,PT,1675834930
162,bundaberg,-24.85,152.35,29.56,60,43,3.13,AU,1675834930
163,shemgang,27.2169,90.6579,9.81,57,77,2.01,BT,1675834931
164,ochakiv,46.6128,31.5498,-2.96,62,100,10.27,UA,1675834931
165,mayo,38.8876,-76.5119,9.06,84,20,1.54,US,1675834932
166,itarema,-2.9248,-39.9167,24.71,83,100,4.13,BR,1675834932
167,grand baie,-20.0182,57.5802,29.14,72,34,4.02,MU,1675834932
168,nemuro,43.3236,145.575,-3.31,61,34,0.92,JP,1675834636
169,arica,-18.475,-70.3042,22.13,78,0,1.54,CL,1675834933
170,touros,-5.1989,-35.4608,25.06,73,100,5.35,BR,1675834934
171,vestmannaeyjar,63.4427,-20.2734,-1.13,80,100,15.2,IS,1675834387
172,pangnirtung,66.1451,-65.7125,-33.12,81,4,2.84,CA,1675834934
173,mabaruma,8.2,-59.7833,21.23,99,30,0.94,GY,1675834935
174,mehamn,71.0357,27.8492,-1.03,69,0,12.35,NO,1675834935
175,chokurdakh,70.6333,147.9167,-35.79,98,100,1.87,RU,1675834936
176,cap malheureux,-19.9842,57.6142,29.15,72,34,4.02,MU,1675834936
177,izhma,65.0083,53.9113,-1.3,93,100,4.26,RU,1675834937
178,caravelas,-17.7125,-39.2481,23.87,86,52,2.66,BR,1675834938
179,vaitape,-16.5167,-151.75,27.12,72,22,5.36,PF,1675834939
180,komsomolskiy,40.4272,71.7189,5.4,60,94,1.03,UZ,1675834939
181,tanglad,11.2917,125.5768,26.14,82,94,6.14,PH,1675834940
182,iguatemi,-23.6803,-54.5611,23.97,70,91,1.13,BR,1675834940
183,coihaique,-45.5752,-72.0662,16.34,77,0,2.06,CL,1675834856
184,kudahuvadhoo,2.6708,72.8944,26.99,71,45,3.49,MV,1675834941
185,rimouski,48.4488,-68.524,-4.18,92,100,5.79,CA,1675834747
186,tautira,-17.7333,-149.15,26.73,64,6,2.75,PF,1675834941
187,sechura,-5.5569,-80.8222,24.31,75,78,3.85,PE,1675834542
188,hasaki,35.7333,140.8333,12.38,63,100,6.3,JP,1675834942
189,rudnogorsk,57.2639,103.7519,-10.51,92,100,2.79,RU,1675834942
190,hofn,64.2539,-15.2082,-0.91,61,100,7.29,IS,1675834365
191,lebu,-37.6167,-73.65,14.08,92,0,6.91,CL,1675834943
192,tura,25.5198,90.2201,25.34,29,76,2.26,IN,1675834943
193,faanui,-16.4833,-151.75,27.13,72,22,5.43,PF,1675834944
194,san patricio,28.017,-97.5169,22.05,94,89,4.09,US,1675834420
195,ayagoz,47.9714,80.4392,-4.88,90,99,1.6,KZ,1675834944
196,hirara,24.8,125.2833,22.15,73,75,6.17,JP,1675834944
197,hovd,48.0056,91.6419,-13.38,73,99,1.96,MN,1675834945
198,fortuna,40.5982,-124.1573,7.77,93,0,0.0,US,1675834945
199,barranca,-10.75,-77.7667,22.36,83,30,2.2,PE,1675834946
200,vestmanna,62.1564,-7.1664,6.39,88,100,24.78,FO,1675834600
201,voh,-20.9667,164.7,25.5,93,100,1.23,NC,1675834946
202,kargasok,59.0556,80.8572,-18.38,94,95,3.85,RU,1675834947
203,barreirinhas,-2.7469,-42.8264,22.94,95,100,1.2,BR,1675834948
204,alice springs,-23.7,133.8833,35.75,28,40,6.17,AU,1675834948
205,tsumeb,-19.2333,17.7167,20.05,79,100,2.01,NA,1675834948
206,kungurtug,50.5994,97.5228,-11.8,84,26,0.67,RU,1675834949
207,muskogee,35.5834,-95.3336,8.04,97,100,4.63,US,1675834949
208,eyemouth,55.8713,-2.0901,7.91,83,94,6.53,GB,1675834950
209,arawa,-6.2132,155.5367,29.21,69,57,2.5,PG,1675834950
210,storsteinnes,69.2408,19.2344,5.36,82,100,4.31,NO,1675834951
211,acapulco,16.8634,-99.8901,24.9,78,0,2.57,MX,1675834405
212,avarua,-21.2078,-159.775,27.03,83,58,3.6,CK,1675834951
213,kaoma,-14.7833,24.8,19.25,95,99,2.93,ZM,1675834952
214,anloga,5.7947,0.8973,26.55,82,44,3.68,GH,1675834952
215,kaitangata,-46.2817,169.8464,13.11,60,24,7.04,NZ,1675834952
216,namatanai,-3.6667,152.4333,29.1,68,90,4.57,PG,1675834953
217,rio gallegos,-51.6226,-69.2181,15.03,72,75,5.66,AR,1675834363
218,aksha,50.2814,113.2867,-8.27,62,26,1.01,RU,1675834953
219,lungi,9.2212,-12.6831,20.94,83,26,1.46,SL,1675834955
220,omsukchan,62.5333,155.8,-37.59,99,95,1.9,RU,1675834956
221,havelock,34.8791,-76.9013,13.3,80,0,2.57,US,1675834957
222,semenyih,2.9516,101.843,33.6,67,95,1.38,MY,1675834957
223,rocha,-34.4833,-54.3333,20.28,79,53,3.33,UY,1675834390
224,wonogiri,-7.8144,110.9259,25.57,84,100,1.54,ID,1675834958
225,baykit,61.67,96.37,-12.49,93,100,1.16,RU,1675834630
226,la rioja,42.25,-2.5,-1.12,97,100,2.24,ES,1675834958
227,puerto leguizamo,-0.1934,-74.7819,21.79,84,22,0.73,CO,1675834959
228,shaowu,27.3409,117.4831,14.96,97,100,0.72,CN,1675834959
229,morondava,-20.2833,44.2833,26.15,79,100,2.67,MG,1675834959
230,lagoa,39.05,-27.9833,13.06,57,91,6.37,PT,1675834960
231,tabas,33.5959,56.9244,16.35,44,6,4.27,IR,1675834960
232,sao filipe,14.8961,-24.4956,20.07,69,32,4.62,CV,1675834961
233,eyl,7.9803,49.8164,26.4,64,100,6.52,SO,1675834961
234,nanakuli,21.3906,-158.1547,23.97,65,20,3.6,US,1675834962
235,flinders,-34.5833,150.8552,21.77,90,100,2.24,AU,1675834962
236,zelenoborsk,61.4669,64.0333,-14.69,93,100,4.36,RU,1675834962
237,khovu-aksy,51.1333,93.6,-14.39,80,38,1.59,RU,1675834963
238,fort-shevchenko,44.5086,50.263,-0.43,92,100,12.19,KZ,1675834963
239,abu samrah,35.3029,37.1841,3.2,69,42,0.6,SY,1675834964
240,jacutinga,-22.2856,-46.6122,18.68,98,100,0.87,BR,1675834964
241,griffith,41.5284,-87.4237,0.59,88,0,2.57,US,1675834964
242,kawalu,-7.3817,108.2082,26.9,78,100,2.29,ID,1675834965
243,osoyoos,49.0331,-119.4524,3.42,93,100,0.51,CA,1675834965
244,bandarbeyla,9.4942,50.8122,25.98,66,97,4.99,SO,1675834965
245,upernavik,72.7868,-56.1549,-30.7,94,46,1.82,GL,1675834966
246,terra rica,-22.7094,-52.6169,21.17,90,66,0.99,BR,1675834966
247,murgab,37.4966,61.9714,11.93,37,100,5.14,TM,1675834966
248,tommot,58.9564,126.2925,-24.3,84,100,2.58,RU,1675834967
249,vilaka,57.1846,27.6722,-4.72,92,99,4.44,LV,1675834967
250,sinnamary,5.3833,-52.95,23.86,91,80,4.15,GF,1675834395
251,magadan,59.5667,150.8,-24.49,84,36,2.47,RU,1675834968
252,tiksi,71.6872,128.8694,-38.42,99,88,2.89,RU,1675834968
253,ylojarvi,61.5563,23.5961,0.99,96,100,3.09,FI,1675834969
254,macheng,31.1783,115.0319,9.86,81,100,2.59,CN,1675834969
255,mareeba,-17.0,145.4333,29.69,71,94,1.94,AU,1675834806
256,chabahar,25.2919,60.643,23.64,56,30,2.0,IR,1675834969
257,tres arroyos,-38.3739,-60.2798,22.87,47,48,5.21,AR,1675834659
258,torbay,47.6666,-52.7314,-2.01,86,75,10.29,CA,1675834970
259,dimbokro,6.6451,-4.7048,24.07,90,95,1.33,CI,1675834970
260,launceston,-41.45,147.1667,22.56,53,100,5.66,AU,1675834675
261,lavrentiya,65.5833,-171.0,-26.16,92,98,1.47,RU,1675834971
262,maniitsoq,65.4167,-52.9,-17.5,90,100,5.34,GL,1675834467
263,vanavara,60.34,102.2797,-12.9,92,100,1.85,RU,1675834971
264,washington,47.5001,-120.5015,2.88,74,20,2.89,US,1675834881
265,mikhaylovka,50.06,43.2379,-12.9,91,6,5.52,RU,1675834972
266,necochea,-38.5473,-58.7368,21.76,76,10,6.13,AR,1675834972
267,pakxan,18.3778,103.6601,33.79,37,13,2.73,LA,1675834972
268,lebanon,36.2081,-86.2911,14.03,84,100,0.0,US,1675834679
269,lamesa,32.7376,-101.951,5.85,51,94,3.6,US,1675834973
270,banjar,-8.19,114.9675,29.24,75,97,2.5,ID,1675834973
271,yulara,-25.2406,130.9889,39.15,13,0,5.99,AU,1675834974
272,carnarvon,-24.8667,113.6333,29.79,56,4,7.92,AU,1675834974
273,portland,45.5234,-122.6762,7.33,90,20,2.06,US,1675834232
274,kaeo,-35.1,173.7833,25.18,66,31,3.91,NZ,1675834394
275,guerrero negro,27.9769,-114.0611,15.0,32,0,1.36,MX,1675834511
276,meulaboh,4.1363,96.1285,29.51,63,71,2.25,ID,1675834385
277,provideniya,64.3833,-173.3,-19.94,71,100,3.0,RU,1675834975
278,feijo,-8.1642,-70.3536,21.32,99,79,0.5,BR,1675834975
279,korla,41.7597,86.1469,1.81,69,10,2.84,CN,1675834408
280,viedma,-40.8135,-62.9967,19.14,61,42,3.45,AR,1675834976
281,lesnyye polyany,55.9667,37.8667,-6.36,93,76,3.32,RU,1675834976
282,nelson bay,-32.7167,152.15,27.03,67,34,7.6,AU,1675834977
283,bintulu,3.1667,113.0333,32.23,58,20,2.57,MY,1675834977
284,anadyr,64.75,177.4833,-32.72,74,0,4.0,RU,1675834977
285,wajima,37.4,136.9,5.38,93,75,2.57,JP,1675834978
286,thompson,55.7435,-97.8558,-17.91,85,100,1.03,CA,1675834978
287,narimanov,46.6927,47.8498,-7.05,90,100,9.68,RU,1675834978
288,dergaon,26.7,93.9667,21.6,51,73,3.92,IN,1675834979
289,muyezerskiy,63.9333,31.65,-0.97,90,100,2.85,RU,1675834979
290,itaituba,-4.2761,-55.9836,22.64,99,100,0.4,BR,1675834603
291,pisco,-13.7,-76.2167,23.03,83,0,3.09,PE,1675834980
292,yuli,9.6989,10.2744,20.02,26,31,3.09,NG,1675834980
293,moron,-34.6534,-58.6198,27.76,69,25,2.91,AR,1675834980
294,gremyachinsk,58.5603,57.851,-17.99,99,100,2.08,RU,1675834981
295,nevelsk,46.6733,141.8633,-7.13,62,100,7.26,RU,1675834981
296,santa cruz,-17.8,-63.1667,22.7,94,75,2.57,BO,1675834981
297,hobyo,5.3505,48.5268,27.03,59,85,7.58,SO,1675834982
298,namibe,-15.1961,12.1522,21.06,75,95,2.32,AO,1675834982
299,charters towers,-20.1,146.2667,33.23,36,98,5.07,AU,1675834983
300,cefalu,38.0386,14.0229,5.88,60,90,3.13,IT,1675834983
301,gombong,-7.6072,109.5142,27.31,80,100,2.51,ID,1675834984
302,luangwa,-15.6167,30.4167,24.05,87,11,1.84,ZM,1675834397
303,sao joao da barra,-21.6403,-41.0511,23.21,94,100,2.08,BR,1675834985
304,nikki,9.9401,3.2108,21.97,20,86,2.31,BJ,1675834985
305,carutapera,-1.195,-46.02,23.75,94,100,1.85,BR,1675834985
306,mangrol,21.1167,70.1167,27.22,40,9,3.35,IN,1675834616
307,okhotsk,59.3833,143.3,-24.34,85,64,4.12,RU,1675834666
308,zaozerne,45.1582,33.2787,-1.58,67,100,10.77,UA,1675834986
309,sangar,63.9242,127.4739,-36.53,93,100,1.42,RU,1675834986
310,bonavista,48.6499,-53.1147,-2.36,71,96,9.98,CA,1675834987
311,nador,35.174,-2.9287,11.14,87,40,0.51,MA,1675834987
312,baherden,38.4362,57.4316,12.34,47,91,4.84,TM,1675834988
313,victoria,22.2855,114.1577,21.65,82,95,4.47,HK,1675834901
314,bell ville,-32.6259,-62.6887,23.49,25,0,3.36,AR,1675834989
315,bartica,6.4,-58.6167,24.18,99,31,0.62,GY,1675834989
316,puerto del rosario,28.5004,-13.8627,11.86,76,0,1.54,ES,1675834989
317,kupang,-10.1667,123.5833,24.32,100,75,2.06,ID,1675834990
318,ilulissat,69.2167,-51.1,-24.99,70,20,3.6,GL,1675834990
319,lima,-12.0432,-77.0282,24.39,81,0,4.12,PE,1675834703
320,nouadhibou,20.931,-17.0347,14.99,67,0,10.29,MR,1675834991
321,bontang,0.1333,117.5,26.19,76,100,3.28,ID,1675834992
322,mercedes,-34.6515,-59.4307,24.24,48,26,2.8,AR,1675834569
323,haines junction,60.7522,-137.5108,-7.03,93,54,1.54,CA,1675834992
324,resistencia,-27.4606,-58.9839,28.38,58,20,2.06,AR,1675834702
325,okany,46.9,21.35,-5.03,85,52,2.93,HU,1675834993
326,hervey bay,-25.2986,152.8535,26.36,63,61,8.91,AU,1675834993
327,ocosingo,17.0667,-92.25,13.05,96,21,1.73,MX,1675834994
328,zalantun,48.0,122.7167,-6.26,51,6,6.38,CN,1675834994
329,constitucion,-35.3333,-72.4167,16.17,60,0,3.31,CL,1675834856
330,antofagasta,-23.65,-70.4,20.6,84,84,2.11,CL,1675834995
331,kitui,-1.367,38.0106,21.94,63,10,1.93,KE,1675834996
332,ulladulla,-35.35,150.4667,20.52,76,99,0.92,AU,1675834478
333,varangaon,21.0167,75.9,28.96,17,0,3.99,IN,1675834996
334,grindavik,63.8424,-22.4338,-4.03,80,75,13.38,IS,1675834853
335,nome,64.5011,-165.4064,-23.8,84,0,1.54,US,1675834998
336,mizdah,31.4451,12.9801,7.36,77,93,6.03,LY,1675834998
337,sosnovskoye,55.8052,43.167,-14.47,98,100,3.36,RU,1675835000
338,clyde river,70.4692,-68.5914,-34.87,68,20,2.06,CA,1675834933
339,kokopo,-4.352,152.2633,29.69,66,96,4.33,PG,1675835000
340,gornopravdinsk,60.05,69.9,-19.41,100,100,2.51,RU,1675835001
341,bull savanna,17.8868,-77.5902,21.09,83,0,2.46,JM,1675835001
342,husavik,66.0449,-17.3389,-4.84,76,91,6.9,IS,1675835002
343,englewood,39.6478,-104.9878,2.12,55,0,2.57,US,1675835002
344,sambava,-14.2667,50.1667,27.29,73,79,3.85,MG,1675835002
345,kavaratti,10.5669,72.642,26.83,71,95,5.72,IN,1675835003
346,pevek,69.7008,170.3133,-30.22,98,100,1.72,RU,1675835003
347,benghazi,32.1167,20.0667,12.27,56,76,2.71,LY,1675834514
348,marsh harbour,26.5412,-77.0636,21.99,63,2,7.62,BS,1675835003
349,carrollton,32.9537,-96.8903,9.69,95,100,6.17,US,1675834820
350,collie,-33.3667,116.15,34.84,19,0,1.5,AU,1675834477
351,saldanha,-33.0117,17.9442,19.03,77,0,3.97,ZA,1675835004
352,linguere,15.3953,-15.1193,21.02,19,87,4.36,SN,1675835004
353,camacha,33.0833,-16.3333,10.68,87,75,4.63,PT,1675835005
354,dikson,73.5069,80.5464,-19.43,88,100,10.04,RU,1675835006
355,sabang,5.8933,95.3214,27.58,75,99,6.16,ID,1675834531
356,harper,4.375,-7.7169,25.93,84,94,2.83,LR,1675835007
357,vanimo,-2.6741,141.3028,25.24,94,100,5.08,PG,1675835007
358,rafai,4.95,23.9167,23.31,20,12,2.44,CF,1675835008
359,cicero dantas,-10.6,-38.3833,20.13,85,100,2.03,BR,1675835008
360,roma,43.2128,-75.4557,5.46,87,100,2.57,US,1675834757
361,tripoli,32.8752,13.1875,11.96,67,100,8.99,LY,1675834345
362,ostrovnoy,68.0531,39.5131,-3.02,84,10,8.3,RU,1675835009
363,marawi,7.9986,124.2928,24.14,70,80,3.43,PH,1675834572
364,dolores,-36.3132,-57.6792,23.44,72,42,3.99,AR,1675835010
365,arzamas,55.3949,43.8399,-14.34,99,100,3.04,RU,1675835010
366,olpad,21.3333,72.75,28.99,21,1,4.09,IN,1675835011
367,santa rosa del sur,7.9644,-74.0544,22.73,65,40,1.37,CO,1675835011
368,williston,48.147,-103.618,1.41,90,84,2.7,US,1675834802
369,vila franca do campo,37.7167,-25.4333,12.23,80,85,5.5,PT,1675835011
370,digoin,46.4812,3.9795,-5.93,93,2,1.03,FR,1675835012
371,nhulunbuy,-12.2333,136.7667,30.34,74,75,4.12,AU,1675834644
372,saint-joseph,-21.3667,55.6167,28.21,75,73,6.32,RE,1675835012
373,north bend,43.4065,-124.2243,7.18,100,100,2.57,US,1675835013
374,biak,-0.9131,122.8766,25.73,77,100,3.27,ID,1675835013
375,kailua,21.4022,-157.7394,23.99,82,22,2.68,US,1675835014
376,laguna,38.421,-121.4238,9.99,83,0,0.0,US,1675834990
377,cooma,-36.2333,149.1333,19.84,67,54,5.0,AU,1675835014
378,ambilobe,-13.2,49.05,26.19,82,97,0.66,MG,1675835015
379,bowen,-20.0167,148.2333,28.66,76,100,8.91,AU,1675835015
380,mizan teferi,6.9833,35.5833,24.68,28,6,0.46,ET,1675835016
381,aykhal,66.0,111.5,-34.23,98,44,0.84,RU,1675835016
382,port-cartier,50.0334,-66.8654,-4.88,96,100,2.37,CA,1675835016
383,vardo,70.3705,31.1107,-2.01,80,40,13.89,NO,1675835017
384,boa vista,2.8197,-60.6733,25.99,73,75,6.17,BR,1675835017
385,dwarka,22.2394,68.9678,24.78,47,20,4.49,IN,1675835018
386,homer,59.6425,-151.5483,-5.06,74,75,7.72,US,1675835018
387,olinda,-8.0089,-34.8553,22.85,78,20,1.03,BR,1675835019
388,carmen,18.6333,-91.8333,24.1,82,1,8.26,MX,1675835019
389,safaga,26.7292,33.9365,14.18,48,100,6.69,EG,1675835019
390,talas,38.6908,35.5538,-7.63,79,75,3.09,TR,1675835020
391,sokolo,14.7328,-6.1219,22.43,16,32,6.73,ML,1675835020
392,zhigansk,66.7697,123.3711,-42.06,97,100,2.97,RU,1675835020
393,lauria,40.0465,15.8358,-1.7,73,21,3.79,IT,1675835021
394,tombouctou,20.0,-3.0,16.83,23,0,5.39,ML,1675834478
395,walvis bay,-22.9575,14.5053,19.53,82,100,2.06,NA,1675835021
396,camapua,-19.5314,-54.0439,20.23,94,98,0.68,BR,1675835021
397,casian,11.035,119.7136,26.72,78,100,8.02,PH,1675835022
398,perth,-31.9333,115.8333,32.89,51,0,7.2,AU,1675834652
399,podhum,43.7231,17.0011,-6.77,84,10,4.12,BA,1675835022
400,amazar,53.858,120.875,-13.9,73,59,1.15,RU,1675834580
401,magomeni,-6.8,39.25,27.21,83,75,5.14,TZ,1675835023
402,mungaa,-4.9667,34.8833,18.64,76,83,1.26,TZ,1675835023
403,karatuzskoye,53.6072,92.8667,-6.17,87,100,2.07,RU,1675834562
404,santa marta,11.2408,-74.199,28.03,69,11,11.18,CO,1675834930
405,balagansk,54.0103,103.0544,-13.66,95,100,1.57,RU,1675835024
406,neustadt,49.7117,12.0872,-4.65,86,4,2.57,DE,1675835024
407,soto la marina,23.7667,-98.2167,20.37,96,62,3.32,MX,1675835025
408,stolnici,44.5667,24.7833,-3.84,81,23,1.31,RO,1675835025
409,hearst,49.6835,-83.6665,-15.86,99,93,1.84,CA,1675835025
410,iqaluit,63.7506,-68.5145,-32.15,68,100,1.03,CA,1675835026
411,kibala,9.1104,18.3463,23.26,19,7,1.98,TD,1675835026
412,kimbe,-5.5502,150.1429,24.87,98,100,1.85,PG,1675835026
413,srednekolymsk,67.45,153.6833,-33.25,98,100,2.65,RU,1675835027
414,karatau,43.1667,70.4667,2.45,64,100,1.72,KZ,1675835027
415,sokoni,-6.4333,39.55,27.92,74,92,4.64,TZ,1675835028
416,jumla,29.2747,82.1838,12.25,16,0,2.74,NP,1675834618
417,marienburg,54.0359,19.0266,-0.64,89,87,2.64,PL,1675834749
418,puerto santander,8.3636,-72.4063,25.67,92,45,0.87,CO,1675835028
419,karratha,-20.7377,116.8463,34.42,43,52,7.43,AU,1675835029
420,evans,33.5337,-82.1307,13.11,31,0,0.0,US,1675835029
421,labuhan,-6.8844,112.2051,26.86,80,100,2.95,ID,1675835030
422,kurilsk,45.2333,147.8833,-4.73,58,86,2.3,RU,1675835030
423,weihai,37.5017,122.1136,2.33,54,74,4.17,CN,1675835030
424,cidreira,-30.1811,-50.2056,23.7,82,5,5.91,BR,1675835031
425,nuevo progreso,23.1667,-97.95,19.38,77,55,2.98,MX,1675835031
426,kununurra,-15.7667,128.7333,37.99,28,2,4.12,AU,1675834572
427,adrar,20.5022,-10.0711,13.97,25,84,5.34,MR,1675835032
428,porto novo,6.4965,2.6036,26.9,87,97,0.8,BJ,1675835032
429,letnyaya stavka,45.4306,43.4472,-7.03,95,100,4.82,RU,1675835032
430,eydhafushi,5.1033,73.0708,27.13,68,59,3.87,MV,1675835033
431,moyale,3.5167,39.0584,25.44,30,1,4.78,KE,1675835033
432,netivot,31.4222,34.5886,7.56,64,77,8.17,IL,1675835033
433,geraldton,-28.7667,114.6,30.23,48,0,8.23,AU,1675835034
434,avera,33.194,-82.5271,8.73,76,64,1.98,US,1675835034
435,ballina,-28.8667,153.5667,27.79,63,73,4.64,AU,1675834972
436,kodinsk,58.6881,99.1844,-8.79,91,100,1.72,RU,1675835035
437,qazvin,36.2797,50.0049,0.79,93,100,1.03,IR,1675835035
438,ukiah,39.1502,-123.2078,10.01,88,0,0.0,US,1675835035
439,miraflores,19.2167,-98.8083,16.13,59,0,1.36,MX,1675835036
440,grand forks,47.9417,-97.4337,0.96,80,75,4.63,US,1675835036
441,lakatoro,-16.0999,167.4164,27.54,75,100,1.85,VU,1675835037
442,bograd,54.2344,90.8328,-7.2,87,100,1.29,RU,1675835037
443,juneau,58.3019,-134.4197,1.23,100,75,2.06,US,1675834325
444,acarau,-2.8856,-40.12,24.89,84,100,4.17,BR,1675835038
445,deputatskiy,69.3,139.9,-42.66,99,50,1.82,RU,1675835038
446,ust-shonosha,61.1531,41.343,-3.67,92,100,4.48,RU,1675835038
447,el carmen,8.5106,-73.4478,19.87,90,23,2.67,CO,1675835039
448,snezhnogorsk,69.1933,33.2531,-3.12,79,22,7.3,RU,1675835039
449,erzin,36.9559,36.2,3.02,47,74,2.49,TR,1675834650
450,sukhinichi,54.0999,35.3425,-14.52,98,69,2.23,RU,1675835040
451,kavieng,-2.5744,150.7967,28.29,75,98,3.59,PG,1675835040
452,areosa,41.7178,-8.8571,7.16,77,67,5.54,PT,1675835040
453,luanda,-8.8368,13.2343,24.23,80,93,2.83,AO,1675834764
454,blythe,33.6103,-114.5964,12.25,24,0,4.63,US,1675835041
455,port shepstone,-30.7414,30.455,23.87,82,100,7.67,ZA,1675835002
456,sol-iletsk,51.1631,54.9918,-16.01,98,80,2.78,RU,1675835041
457,atikokan,48.7555,-91.6216,-7.67,96,64,2.96,CA,1675835042
458,aksu,41.1231,80.2644,1.14,50,15,1.04,CN,1675835042
459,batagay-alyta,67.8006,130.4114,-39.6,100,94,0.27,RU,1675835043
460,san ramon,37.7799,-121.978,11.23,82,0,2.06,US,1675834911
461,henties bay,-22.116,14.2845,17.9,90,55,1.73,NA,1675835043
462,bahia blanca,-38.7196,-62.2724,23.29,78,20,4.63,AR,1675835044
463,marrakesh,31.6315,-8.0083,8.04,76,20,2.06,MA,1675835044
464,springdale,36.1867,-94.1288,6.39,94,100,4.63,US,1675834998
465,carauari,-4.8828,-66.8958,22.71,99,98,0.5,BR,1675835045
466,aripuana,-9.1667,-60.6333,21.05,99,39,0.41,BR,1675834665
467,makokou,0.5738,12.8642,21.43,94,91,0.6,GA,1675835046
468,richards bay,-28.783,32.0377,23.82,90,55,4.82,ZA,1675835046
469,tahta,26.7693,31.5021,9.7,52,97,1.84,EG,1675835047
470,bath,51.3779,-2.3591,2.21,94,9,1.61,GB,1675835048
471,aiken,33.5835,-81.5998,13.16,91,0,0.0,US,1675835048
472,ishigaki,24.3448,124.1572,22.07,78,75,6.69,JP,1675835049
473,aguimes,27.9054,-15.4461,13.14,62,20,3.09,ES,1675835049
474,kuito,-12.3833,16.9333,15.42,79,100,1.09,AO,1675835049
475,saint-georges,12.0564,-61.7485,24.7,80,93,6.0,GD,1675835050
476,anchorage,61.2181,-149.9003,-1.44,92,100,6.69,US,1675834976
477,salalah,17.0151,54.0924,24.05,64,0,2.57,OM,1675835051
478,palembang,-2.9167,104.7458,32.05,62,75,4.12,ID,1675834954
479,petropavlovka,50.6114,105.3196,-13.14,85,42,0.97,RU,1675835052
480,gongzhuling,43.5008,124.8198,-3.32,42,0,5.55,CN,1675835053
481,pundaguitan,6.3711,126.1689,26.52,70,98,1.45,PH,1675835053
482,privas,44.5833,4.5,-0.27,89,7,1.58,FR,1675835054
483,wenling,28.3669,121.36,9.81,79,100,5.06,CN,1675835055
484,puerto el triunfo,13.2833,-88.55,24.52,65,4,1.51,SV,1675835055
485,kuytun,54.3419,101.5036,-11.32,84,100,1.71,RU,1675835056
486,sosva,59.1766,61.8558,-14.85,93,98,2.35,RU,1675835057
487,scarborough,54.2797,-0.4044,5.36,88,50,4.15,GB,1675834956
488,poum,-20.2333,164.0167,26.7,86,100,9.52,NC,1675834546
489,marathon,44.9,-89.7668,-1.42,71,0,3.09,US,1675834600
490,souillac,-20.5167,57.5167,28.21,74,75,6.69,MU,1675835058
491,jiexiu,37.0244,111.9125,6.01,44,100,2.64,CN,1675835058
492,russell,32.3502,-85.1999,16.57,87,0,1.54,US,1675834631
493,mandera,3.9366,41.867,27.7,50,1,5.01,KE,1675835059
494,wilson,36.1501,-86.2833,13.66,83,100,0.0,US,1675835059
495,roebourne,-20.7833,117.1333,34.73,42,54,6.95,AU,1675835060
496,whitehorse,60.7161,-135.0538,-6.57,73,20,6.17,CA,1675835061
497,abeche,13.8292,20.8324,18.25,26,84,5.07,TD,1675835061
498,mount isa,-20.7333,139.5,31.87,51,100,7.72,AU,1675835061
499,puerto narino,-3.7703,-70.3831,22.04,98,96,0.65,CO,1675835062
500,wynyard,-41.0,145.7167,17.21,86,98,3.36,AU,1675835063
501,togur,58.3631,82.8265,-15.28,91,95,3.56,RU,1675834635
502,mount gambier,-37.8333,140.7667,21.03,53,10,5.97,AU,1675835063
503,kieta,-6.2167,155.6333,29.03,70,49,3.06,PG,1675834604
504,florianopolis,-27.6146,-48.5012,22.57,88,40,2.57,BR,1675834512
505,carballo,43.213,-8.691,6.04,71,22,1.65,ES,1675835064
506,kalat,29.0225,66.5916,12.03,39,51,5.24,PK,1675835064
507,presidencia roque saenz pena,-26.7852,-60.4388,26.94,41,38,3.07,AR,1675835065
508,chicama,-7.8447,-79.1469,21.3,77,59,1.65,PE,1675835066
509,ixtapa,20.7,-105.2,20.68,94,0,0.0,MX,1675834240
510,hamilton,39.1834,-84.5333,9.84,84,100,2.57,US,1675834848
511,timbiqui,2.7717,-77.6654,23.6,95,79,2.01,CO,1675835066
512,muroto,33.2833,134.15,14.06,43,5,6.0,JP,1675835067
513,jutai,-5.1833,-68.9,22.59,98,100,0.41,BR,1675835067
514,chara,56.9064,118.2631,-17.99,72,63,1.07,RU,1675834607
515,kentau,43.5206,68.5094,5.38,54,100,1.27,KZ,1675835068
516,sawtell,-30.3833,153.1,26.01,61,78,4.12,AU,1675835068
517,cairns,-16.9167,145.7667,32.84,74,40,4.63,AU,1675835068
518,ahuimanu,21.4447,-157.8378,23.84,81,20,6.17,US,1675835069
519,zhangzhou,24.5133,117.6556,18.96,65,77,2.29,CN,1675835069
520,yar-sale,66.8333,70.8333,-13.58,92,100,10.71,RU,1675835069
521,maragogi,-9.0122,-35.2225,24.21,76,97,2.17,BR,1675834384
522,camabatela,-8.1881,15.375,17.18,90,100,1.42,AO,1675835070
523,ko samui,9.5357,99.9357,30.95,66,20,3.09,TH,1675834902
524,sumenep,-7.0167,113.8667,26.7,84,99,5.38,ID,1675835070
525,qasigiannguit,68.8193,-51.1922,-24.86,98,97,2.38,GL,1675835071
526,pilar,-9.5972,-35.9567,21.96,83,85,0.8,BR,1675834588
527,warah,27.4481,67.7978,25.48,17,5,3.03,PK,1675835071
528,zakupne,49.1194,26.3376,-9.39,95,7,2.05,UA,1675835072
529,waipawa,-41.4122,175.5153,17.6,73,25,1.55,NZ,1675835072
530,tahlequah,35.9154,-94.97,6.71,87,100,3.09,US,1675835072
531,faya,18.3851,42.4509,13.29,36,29,2.12,SA,1675835073
532,luganville,-15.5333,167.1667,27.44,81,100,2.72,VU,1675835073
533,bubaque,11.2833,-15.8333,24.09,58,5,4.65,GW,1675835074
534,fershampenuaz,53.5202,59.8117,-16.69,100,100,1.71,RU,1675835074
535,pacific grove,36.6177,-121.9166,10.36,92,0,4.12,US,1675835074
536,balkhash,46.844,74.9804,-15.66,92,40,6.0,KZ,1675834643
537,angoche,-16.2325,39.9086,27.1,75,99,3.41,MZ,1675835075
538,kitimat,54.0524,-128.6534,1.21,31,98,1.41,CA,1675835075
539,skibbereen,51.55,-9.2667,8.95,89,94,5.08,IE,1675835077
540,makakilo city,21.3469,-158.0858,23.18,72,20,6.17,US,1675835077
541,saint-augustin,51.226,-58.6502,-18.88,94,36,2.37,CA,1675835078
542,urusha,54.05,122.9,-15.06,73,98,1.24,RU,1675835078
543,kochi,9.9399,76.2602,35.57,63,83,2.58,IN,1675834882
544,dingle,10.9995,122.6711,28.23,66,100,7.25,PH,1675835079
545,powell,40.1578,-83.0752,7.0,83,0,4.63,US,1675835079
546,pachora,20.6667,75.35,28.66,19,1,3.41,IN,1675835080
547,sept-iles,50.2001,-66.3821,-4.76,82,100,6.17,CA,1675834562
548,darnah,32.767,22.6367,11.0,75,95,3.85,LY,1675835080
549,sola,-13.8833,167.55,27.78,78,98,5.35,VU,1675835081
550,belyy yar,53.6039,91.3903,-11.06,79,100,1.0,RU,1675835081
551,killam,52.7834,-111.8518,-2.03,86,94,3.09,CA,1675835082
552,palmer,42.1584,-72.3287,2.23,85,100,4.12,US,1675835082
553,vuktyl,63.8567,57.3094,-8.79,95,100,4.65,RU,1675835082
554,atar,20.5169,-13.0499,14.42,29,29,4.27,MR,1675835083
555,margate,51.3813,1.3862,4.08,67,37,2.45,GB,1675835083
556,gursahaiganj,27.1167,79.7167,22.51,30,0,4.34,IN,1675835083
557,gamba,-2.65,10.0,24.98,85,80,2.68,GA,1675834451
558,veydelevka,50.1521,38.4492,-10.33,89,7,5.19,RU,1675835084
559,wagar,16.1525,36.2032,20.18,64,17,8.71,SD,1675835084
560,lumphat,13.4878,106.9816,36.81,31,25,2.07,KH,1675835085
561,marfino,55.7028,37.3822,-5.86,79,100,5.0,RU,1675835085
562,bongandanga,1.5,21.05,23.94,43,79,0.46,CD,1675835085
563,naze,28.3667,129.4833,18.51,63,81,6.81,JP,1675835086
564,coos bay,43.3665,-124.2179,7.22,100,100,2.57,US,1675835071
565,kathu,7.9178,98.3332,30.9,60,46,1.47,TH,1675835086
566,cheremukhovo,60.3484,59.9851,-11.81,86,99,2.11,RU,1675835087
567,elat,29.5581,34.9482,8.91,71,20,0.0,IL,1675835087
568,penzance,50.1186,-5.5371,2.38,72,1,6.17,GB,1675835087
569,cascais,38.6979,-9.4215,9.73,79,41,3.58,PT,1675835088
570,ilheus,-14.7889,-39.0494,23.19,84,19,1.98,BR,1675835088
571,aswan,24.0934,32.907,11.61,40,0,3.6,EG,1675835089
572,drummondville,45.8834,-72.4824,1.12,93,100,1.79,CA,1675835089
573,harindanga,22.0383,88.3214,29.03,39,0,5.09,IN,1675835089
574,khor,47.8861,134.9464,-18.18,79,3,3.88,RU,1675835090
575,buala,-8.145,159.5921,27.75,82,95,4.22,SB,1675835090
576,chandbali,20.7833,86.7667,31.02,31,0,3.6,IN,1675835090
577,tarko-sale,64.9225,77.785,-22.29,98,98,4.32,RU,1675835091
578,tuy hoa,13.0833,109.3,26.74,76,36,3.29,VN,1675835091
579,ternate,0.8,127.4,25.12,89,100,5.74,ID,1675835092
580,port moresby,-9.4431,147.1797,24.68,94,100,3.09,PG,1675835092
581,bairiki,1.3292,172.9752,29.0,65,20,7.72,KI,1675835092
582,san rafael del sur,11.8485,-86.4384,24.54,74,51,6.96,NI,1675835093
583,coronel fabriciano,-19.5186,-42.6289,20.02,94,0,1.54,BR,1675835093
584,huarmey,-10.0681,-78.1522,22.1,84,14,2.2,PE,1675834812
585,san quintin,30.4833,-115.95,13.9,52,0,0.75,MX,1675835094
586,arman,59.7,150.1667,-21.66,85,31,2.96,RU,1675834669
